Id,Label,timeset
R1.3,,
F1.3,,
F1.4,,
R1.4,,
R4.1,,
F1.7,,
F1.7.1,,
R5.1,,
F1.3.2,,
R5.5,,
R6.1,,
F1.7.2,,
R6.2,,
R6.3,,
R6.6.1,,
R6.6.2,,
R6.6.3,,
R6.7.1,,
F1.1.1,,
F1.1.5,,
R6.7.2,,
F1.5,,
F1.6,,
R6.7.3,,
F1.1.6,,
F1.1.1.1,,
R6.8.1,,
R6.8.2,,
R6.8.3,,
R6.9.1,,
R6.9.2,,
R6.9.3,,
R11.2,,
F1.2,,
R10,,
R10.1,,
R10.2,,
R10.3,,
R10.4,,
R10.5,,
R10.6,,
R10.7,,
R10.8,,
R1,,
R1.1,,
R1.2,,
R1.6,,
R1.7,,
R1.8,,
R1.9,,
R1.8.1,,
R2,,
R2.1,,
R2.2,,
R2.3,,
R2.4,,
R2.5,,
R2.6,,
R2.7,,
R2.8,,
R2.9,,
R2.10,,
R3,,
R3.1,,
R3.2,,
R4,,
R4.2,,
R4.3,,
R4.2.1,,
R4.2.2,,
R5,,
R5.2,,
R5.3,,
R5.4,,
R5.6,,
R6,,
R6.4,,
R6.5,,
R6.6,,
R6.7,,
R6.8,,
R6.9,,
R7,,
R7.1,,
R7.2,,
R7.3,,
R7.4,,
R8,,
R8.1,,
R8.2,,
R8.3,,
R8.4,,
R8.5,,
R8.6,,
R8.7,,
R8.8,,
R8.9,,
R9,,
R9.1,,
R9.3,,
R11,,
R11.1,,
R12,,
R12.1,,
R13,,
R13.1,,
R13.2,,
R14,,
R14.1,,
R14.2,,
R14.3,,
R14.4,,
R14.5,,
R14.6,,
13.2,,
F1,,
F1.1,,
F1.1.2,,
F1.1.4,,
F1.1.1.2,,
F1.1.2.1,,
F1.3.1,,
F1.3.2.1,,
L1.11,,
L1.7,,
L1.12,,
L1.8,,
L1.2,,
L1,,
P1,,
L1.1,,
P1.1,,
P1.2,,
L1.3,,
P1.3,,
L1.4,,
P1.4,,
L1.5,,
P1.5,,
L1.6,,
P1.6,,
P1.7,,
P1.8,,
L1.9,,
P1.9,,
L1.10,,
P1.10,,
P1.11,,
P1.12,,
P1.1.1,,
P1.1.2,,
P1.1.3,,
P1.1.4,,
P1.1.4.1,,
P1.1.4.2,,
P1.1.4.3,,
P1.1.4.4,,
P1.1.4.5,,
P1.1.4.6,,
P1.1.4.7,,
P1.12.2,,
P1.12.1.1,,
P1.12.1.2,,
P1.12.1.3,,
P1.2.10,,
P1.2.9,,
P1.2.8,,
P1.2.7,,
P1.2.5,,
P1.2.4,,
P1.2.3,,
P1.2.2,,
P1.2.1,,
P1.12.20,,
P1.7.8,,
P1.7.3,,
P1.7.4,,
P1.7.7,,
P1.7.9,,
P1.7.12,,
P1.3.15,,
P1.3.1,,
P1.3.2,,
P1.3.3,,
P1.3.4,,
P1.3.5,,
P1.3.6,,
P1.3.7,,
P1.3.8,,
P1.3.11,,
P1.3.12,,
P1.3.13,,
P1.3.16,,
P1.3.14,,
P1.3.17,,
P1.3.18,,
P1.3.19,,
P1.3.20,,
P1.4.3,,
P1.4.2,,
P1.4.1,,
P1.5.1,,
P1.5.2,,
P1.5.3,,
P1.5.4,,
P1.2.12,,
P1.2.12.1,,
P1.2.12.2,,
P1.2.12.3,,
P1.2.12.4,,
P1.2.12.5,,
P1.2.12.6,,
P1.2.12.7,,
P1.2.12.8,,
P1.6.1,,
P1.6.2,,
P1.6.3,,
P1.6.4,,
P1.6.6,,
P1.6.5,,
P1.6.7,,
P1.6.8,,
P1.6.10,,
P1.6.9,,
P1.7.1,,
P1.7.2,,
P1.7.6,,
P1.7.5,,
P1.7.10,,
P1.7.11,,
P1.7.13,,
P1.7.14,,
P1.8.7,,
P1.8.6,,
P1.8.5,,
P1.8.4,,
P1.8.3,,
P1.8.1,,
P1.8.2,,
P1.8.8,,
P1.9.1,,
P1.10.1,,
P1.10.2,,
P1.10.3,,
P1.10.4,,
P1.10.5,,
P1.10.6,,
P1.10.7,,
P1.10.8,,
P1.10.9,,
P1.10.11,,
P1.10.13,,
P1.10.12,,
P1.1.5,,
P1.10.14,,
P1.10.10,,
P1.12.2.1,,
P1.12.2.2,,
P1.12.2.3,,
P1.12.2.4,,
P1.12.2.5,,
P1.12.2.6,,
P1.12.2.7,,
P1.12.2.8,,
P1.12.3,,
P1.12.4,,
P1.12.5,,
P1.12.6,,
P1.12.7,,
P1.12.8,,
P1.12.9,,
P1.12.10,,
P1.12.11,,
P1.12.12,,
P1.12.13,,
P1.12.14,,
P1.12.15,,
P1.12.16,,
P1.12.17,,
P1.12.18,,
P1.12.19,,
P1.12.21,,
P1.12.22,,
P1.12.24,,
P1.12.25,,
P1.12.26,,
P1.12.27,,
P1.12.28,,
P1.12.29,,
P1.12.30,,
P1.12.31,,
P1.12.32,,
P1.12.33,,
P1.12.34,,
V12,,
V18,,
V11,,
V17,,
V6,,
V8,,
V1,,
V4,,
V15,,
V3,,
V14,,
V7,,
V9,,
V13,,
V16,,
V2,,
V5,,
V10,,
