,"Auswuchtmaschine_Kern [01_Product_System_Model::03_SolutionModel::PrincipleSolutionPackage::spezifische Prinziplösungen::PrincipleSolutions_Kern]","Axialgelenklager [01_Product_System_Model::03_SolutionModel::PrincipleSolutionPackage::spezifische Prinziplösungen::PrincipleSolutions_Kern]","Klappschutz [01_Product_System_Model::03_SolutionModel::PrincipleSolutionPackage::spezifische Prinziplösungen::PrincipleSolutions_Kern]","Lagereinsatz [01_Product_System_Model::03_SolutionModel::PrincipleSolutionPackage::spezifische Prinziplösungen::PrincipleSolutions_Kern]","Lagerständer [01_Product_System_Model::03_SolutionModel::PrincipleSolutionPackage::spezifische Prinziplösungen::PrincipleSolutions_Kern]","Maschinentisch [01_Product_System_Model::03_SolutionModel::PrincipleSolutionPackage::spezifische Prinziplösungen::PrincipleSolutions_Kern]","Nullsonde [01_Product_System_Model::03_SolutionModel::PrincipleSolutionPackage::spezifische Prinziplösungen::PrincipleSolutions_Kern]","Schutzeinhausung [01_Product_System_Model::03_SolutionModel::PrincipleSolutionPackage::spezifische Prinziplösungen::PrincipleSolutions_Kern]","Sicherheitsbügel [01_Product_System_Model::03_SolutionModel::PrincipleSolutionPackage::spezifische Prinziplösungen::PrincipleSolutions_Kern]"
"Abstandsblzen [01_Product_System_Model::04_ProductModel::AssemblyPackage_Maschine_4::Rollenlagereinsatz V2A Sonder Ø8-45 ]",,,,"->",,,,,
"Auflagebolzen_VA [01_Product_System_Model::04_ProductModel::AssemblyPackage_Maschine_4::Rollenlagereinsatz V2A Sonder Ø8-45 ]",,,,"->",,,,,
"Klemmhebel NLM 06460 1061 M6x25 [01_Product_System_Model::04_ProductModel::AssemblyPackage_Maschine_4::Rollenlagereinsatz V2A Sonder Ø8-45 ]",,,,"->",,,,,
"Klemmwinkel_VA [01_Product_System_Model::04_ProductModel::AssemblyPackage_Maschine_4::Rollenlagereinsatz V2A Sonder Ø8-45 ]",,,,"->",,,,,
"Axialscheibe AS 0821 [01_Product_System_Model::04_ProductModel::AssemblyPackage_Maschine_4::Rollenlagereinsatz V2A Sonder Ø8-45 ::Laufrolle Ø55 V2A]",,,,,,,,,
"Bandage d=55 VA [01_Product_System_Model::04_ProductModel::AssemblyPackage_Maschine_4::Rollenlagereinsatz V2A Sonder Ø8-45 ::Laufrolle Ø55 V2A]",,,,,,,,,
"Lagerbolzen [01_Product_System_Model::04_ProductModel::AssemblyPackage_Maschine_4::Rollenlagereinsatz V2A Sonder Ø8-45 ::Laufrolle Ø55 V2A]",,,,,,,,,
"Laufrolle Ø55 V2A [01_Product_System_Model::04_ProductModel::AssemblyPackage_Maschine_4::Rollenlagereinsatz V2A Sonder Ø8-45 ::Laufrolle Ø55 V2A]",,,,"->",,,,,
"Nadelkranz K 12x15x10 TN - Dummy [01_Product_System_Model::04_ProductModel::AssemblyPackage_Maschine_4::Rollenlagereinsatz V2A Sonder Ø8-45 ::Laufrolle Ø55 V2A]",,,,,,,,,
"Trichter-Schmiernippel DIN3405 D1 A 5mm [01_Product_System_Model::04_ProductModel::AssemblyPackage_Maschine_4::Rollenlagereinsatz V2A Sonder Ø8-45 ::Laufrolle Ø55 V2A]",,,,,,,,,
"Quertraverse Ø8-45 VA [01_Product_System_Model::04_ProductModel::AssemblyPackage_Maschine_4::Rollenlagereinsatz V2A Sonder Ø8-45 ]",,,,"->",,,,,
"Rollenlagereinsatz V2A Sonder Ø8-45 [01_Product_System_Model::04_ProductModel::AssemblyPackage_Maschine_4::Rollenlagereinsatz V2A Sonder Ø8-45 ]",,,,"x",,,,,
"Scheibe mit Fase ISO 7090-6,4-200HV [01_Product_System_Model::04_ProductModel::AssemblyPackage_Maschine_4::Rollenlagereinsatz V2A Sonder Ø8-45 ]",,,,"->",,,,,
"Zylinderschraube ISO 4762-M5x12-8.8 [01_Product_System_Model::04_ProductModel::AssemblyPackage_Maschine_4::Rollenlagereinsatz V2A Sonder Ø8-45 ]",,,,"->",,,,,
"Zylinderstift_ISO 2338 - 4m6x20 [01_Product_System_Model::04_ProductModel::AssemblyPackage_Maschine_4::Rollenlagereinsatz V2A Sonder Ø8-45 ]",,,,"->",,,,,
